{
	"info": {
		"_postman_id": "9137e3b2-5c78-4947-82e8-dcae9ed7696b",
		"name": "Cadastro-SB",
		"schema": "https://schema.getpostman.com/json/collection/v2.1.0/collection.json"
	},
	"item": [
		{
			"name": "pessoa",
			"item": [
				{
					"name": "localhost:8080/pessoa",
					"request": {
						"method": "GET",
						"header": [],
						"url": {
							"raw": "localhost:8080/pessoas",
							"host": [
								"localhost"
							],
							"port": "8080",
							"path": [
								"pessoas"
							]
						}
					},
					"response": []
				},
				{
					"name": "localhost:8080/pessoa",
					"request": {
						"method": "POST",
						"header": [
							{
								"key": "Content-Type",
								"name": "Content-Type",
								"value": "application/json",
								"type": "text"
							}
						],
						"body": {
							"mode": "raw",
							"raw": "{\n\t\t\"nome\": \"João Silva\",\n\t\t\"endereco\": {\n\t\t\t\"logradouro\": \"Rua do Abacaxi\",\n\t\t\t\"numero\": 10,\n\t\t\t\"bairro\": \"Brasil\",\n\t\t\t\"cep\": \"38.400-12\",\n\t\t\t\"cidade\": \"Uberlândia\",\n\t\t\t\"estado\": \"MG\"\n\t\t},\n\t\t\"ativo\": true\n\t}"
						},
						"url": {
							"raw": "localhost:8080/pessoas",
							"host": [
								"localhost"
							],
							"port": "8080",
							"path": [
								"pessoas"
							]
						}
					},
					"response": []
				},
				{
					"name": "localhost:8080/pessoas/1",
					"request": {
						"method": "GET",
						"header": [],
						"url": {
							"raw": "localhost:8080/pessoas/11",
							"host": [
								"localhost"
							],
							"port": "8080",
							"path": [
								"pessoas",
								"11"
							]
						}
					},
					"response": []
				},
				{
					"name": "localhost:8080/pessoa",
					"request": {
						"method": "DELETE",
						"header": [],
						"url": {
							"raw": "localhost:8080/pessoa/",
							"host": [
								"localhost"
							],
							"port": "8080",
							"path": [
								"pessoa",
								""
							]
						}
					},
					"response": []
				},
				{
					"name": "localhost:8080/pessoas/codigo",
					"request": {
						"method": "PUT",
						"header": [
							{
								"key": "Content-Type",
								"name": "Content-Type",
								"type": "text",
								"value": "application/json"
							}
						],
						"body": {
							"mode": "raw",
							"raw": "{\n\t\"nome\": \"João Silvaa\",\n\t\"endereco\": {\n\t\t\"logradouro\": \"Rua do abobora\",\n\t\t\"numero\": \"10\",\n\t\t\"bairro\": \"Brasil\",\n\t\t\"cep\": \"38.400-12\",\n\t\t\"cidade\": \"Uberlândio\",\n\t\t\"estado\": \"MG\"\n\t},\n\t\"ativo\": true\n}"
						},
						"url": {
							"raw": "localhost:8080/pessoas/11",
							"host": [
								"localhost"
							],
							"port": "8080",
							"path": [
								"pessoas",
								"11"
							]
						}
					},
					"response": []
				},
				{
					"name": "localhost:8080/pessoas/1/ativo",
					"request": {
						"method": "PATCH",
						"header": [
							{
								"key": "Content-Type",
								"name": "Content-Type",
								"value": "application/json",
								"type": "text"
							}
						],
						"body": {
							"mode": "raw",
							"raw": "false"
						},
						"url": {
							"raw": "localhost:8080/pessoas/11/ativo",
							"host": [
								"localhost"
							],
							"port": "8080",
							"path": [
								"pessoas",
								"11",
								"ativo"
							]
						}
					},
					"response": []
				}
			]
		}
	],
	"event": [
		{
			"listen": "prerequest",
			"script": {
				"type": "text/javascript",
				"exec": [
					""
				]
			}
		},
		{
			"listen": "test",
			"script": {
				"type": "text/javascript",
				"exec": [
					""
				]
			}
		}
	]
}